email,first_name,last_name
john.doe@example.com,John,Doe
jane.smith@example.com,Jane,Smith
bob.wilson@example.com,Bob,Wilson
alice.johnson@example.com,Alice,Johnson
charlie.brown@example.com,Charlie,Brown
david.lee@example.com,David,Lee
emma.davis@example.com,Emma,Davis
frank.miller@example.com,Frank,Miller
grace.taylor@example.com,Grace,Taylor
henry.anderson@example.com,Henry,Anderson
isabel.thomas@example.com,Isabel,Thomas
jack.moore@example.com,Jack,Moore
kate.martin@example.com,Kate,Martin
leo.garcia@example.com,Leo,Garcia
maria.rodriguez@example.com,Maria,Rodriguez
nathan.martinez@example.com,Nathan,Martinez
olivia.hernandez@example.com,Olivia,Hernandez
paul.lopez@example.com,Paul,Lopez
quinn.gonzalez@example.com,Quinn,Gonzalez
rachel.perez@example.com,Rachel,Perez
sam.sanchez@example.com,Sam,Sanchez
tina.ramirez@example.com,Tina,Ramirez
uma.torres@example.com,Uma,Torres
victor.rivera@example.com,Victor,Rivera
wendy.flores@example.com,Wendy,Flores
