email,first_name,last_name
user1@testmail.com,Alex,Anderson
user2@testmail.com,Bailey,Brooks
user3@testmail.com,Cameron,Clark
user4@testmail.com,Dakota,Davis
user5@testmail.com,Ellis,Evans
user6@testmail.com,Finley,Foster
user7@testmail.com,Gray,Garcia
user8@testmail.com,Harper,Harris
user9@testmail.com,Indigo,Irving
user10@testmail.com,Jordan,Jackson
user11@testmail.com,Kelly,King
user12@testmail.com,Logan,Lewis
user13@testmail.com,Morgan,Miller
user14@testmail.com,Nevada,Nelson
user15@testmail.com,Ocean,Oliver
user16@testmail.com,Parker,Parker
user17@testmail.com,Quinn,Quinn
user18@testmail.com,Riley,Roberts
user19@testmail.com,Sage,Smith
user20@testmail.com,Taylor,Thompson
user21@testmail.com,Unity,Underwood
user22@testmail.com,Venus,Valdez
user23@testmail.com,Winter,Walker
user24@testmail.com,Xander,Xavier
user25@testmail.com,Yale,Young
user26@testmail.com,Zion,Zhang
user27@testmail.com,Ariel,Adams
user28@testmail.com,Blake,Bell
user29@testmail.com,Casey,Carter
user30@testmail.com,Drew,Dixon
user31@testmail.com,Eden,Ellis
user32@testmail.com,Fox,Ford
user33@testmail.com,Gale,Green
user34@testmail.com,Haven,Hill
user35@testmail.com,Ivy,Ingram
user36@testmail.com,Jules,Jones
user37@testmail.com,Kai,Kent
user38@testmail.com,Lane,Lane
user39@testmail.com,Marley,Moore
user40@testmail.com,Nova,Nash
user41@testmail.com,Onyx,Owens
user42@testmail.com,Phoenix,Pierce
user43@testmail.com,Quest,Quinn
user44@testmail.com,River,Reed
user45@testmail.com,Sky,Scott
user46@testmail.com,Tate,Turner
user47@testmail.com,Urban,Upton
user48@testmail.com,Valley,Vega
user49@testmail.com,Wren,Webb
user50@testmail.com,Zen,Zimmerman
marketing@business1.com,Sarah,Johnson
sales@business2.com,Michael,Williams
info@company3.com,Jessica,Brown
contact@startup4.com,David,Jones
hello@agency5.com,Emily,Garcia
support@brand6.com,Daniel,Martinez
team@venture7.com,Lisa,Davis
office@firm8.com,James,Rodriguez
admin@group9.com,Mary,Wilson
help@corp10.com,Robert,Anderson
customer1@shop.com,Jennifer,Taylor
customer2@shop.com,William,Thomas
customer3@shop.com,Linda,Hernandez
customer4@shop.com,Richard,Moore
customer5@shop.com,Patricia,Martin
subscriber1@newsletter.com,Charles,Jackson
subscriber2@newsletter.com,Barbara,Thompson
subscriber3@newsletter.com,Joseph,White
subscriber4@newsletter.com,Susan,Lopez
subscriber5@newsletter.com,Thomas,Lee
lead1@leads.com,Christopher,Gonzalez
lead2@leads.com,Margaret,Harris
lead3@leads.com,Daniel,Clark
lead4@leads.com,Dorothy,Lewis
lead5@leads.com,Matthew,Robinson
prospect1@sales.com,Anthony,Walker
prospect2@sales.com,Lisa,Hall
prospect3@sales.com,Mark,Allen
prospect4@sales.com,Nancy,Young
prospect5@sales.com,Steven,King
client1@clients.com,Paul,Wright
client2@clients.com,Karen,Scott
client3@clients.com,Andrew,Torres
client4@clients.com,Betty,Nguyen
client5@clients.com,Joshua,Hill
member1@club.com,Kenneth,Flores
member2@club.com,Helen,Green
member3@club.com,Kevin,Adams
member4@club.com,Sandra,Nelson
member5@club.com,Brian,Baker
partner1@partners.com,George,Carter
partner2@partners.com,Donna,Mitchell
partner3@partners.com,Edward,Perez
partner4@partners.com,Carol,Roberts
partner5@partners.com,Ronald,Turner
